scheme,function,fault,source,test,detected,detail
dilithium,pqcrystals_dilithium2_ref_invntt_tomont,binOpFault/pqcrystals_dilithium2_ref_invntt_tomont_line25_opA,test_result.txt,correction,no,"no (s, alpha) with constant Delta across p found in range swept"
dilithium,pqcrystals_dilithium2_ref_invntt_tomont,binOpFault/pqcrystals_dilithium2_ref_invntt_tomont_line25_opA,test_result.txt,ineffective,no,no disagreement found in range swept
dilithium,pqcrystals_dilithium2_ref_invntt_tomont,binOpFault/pqcrystals_dilithium2_ref_invntt_tomont_line25_opB,test_result.txt,correction,no,"no (s, alpha) with constant Delta across p found in range swept"
dilithium,pqcrystals_dilithium2_ref_invntt_tomont,binOpFault/pqcrystals_dilithium2_ref_invntt_tomont_line25_opB,test_result.txt,ineffective,no,no disagreement found in range swept
dilithium,pqcrystals_dilithium2_ref_invntt_tomont,binOpFault/pqcrystals_dilithium2_ref_invntt_tomont_line25_undef,test_result.txt,correction,no,"no (s, alpha) with constant Delta across p found in range swept"
dilithium,pqcrystals_dilithium2_ref_invntt_tomont,binOpFault/pqcrystals_dilithium2_ref_invntt_tomont_line25_undef,test_result.txt,ineffective,no,no disagreement found in range swept
dilithium,pqcrystals_dilithium2_ref_invntt_tomont,binOpFault/pqcrystals_dilithium2_ref_invntt_tomont_line25_zero,test_result.txt,correction,no,"no (s, alpha) with constant Delta across p found in range swept"
dilithium,pqcrystals_dilithium2_ref_invntt_tomont,binOpFault/pqcrystals_dilithium2_ref_invntt_tomont_line25_zero,test_result.txt,ineffective,no,no disagreement found in range swept
dilithium,pqcrystals_dilithium2_ref_invntt_tomont,binOpFault/pqcrystals_dilithium2_ref_invntt_tomont_line31_opA,test_result.txt,correction,no,"no (s, alpha) with constant Delta across p found in range swept"
dilithium,pqcrystals_dilithium2_ref_invntt_tomont,binOpFault/pqcrystals_dilithium2_ref_invntt_tomont_line31_opA,test_result.txt,ineffective,no,no disagreement found in range swept
dilithium,pqcrystals_dilithium2_ref_invntt_tomont,binOpFault/pqcrystals_dilithium2_ref_invntt_tomont_line31_opB,test_result.txt,correction,no,"no (s, alpha) with constant Delta across p found in range swept"
dilithium,pqcrystals_dilithium2_ref_invntt_tomont,binOpFault/pqcrystals_dilithium2_ref_invntt_tomont_line31_opB,test_result.txt,ineffective,no,no disagreement found in range swept
dilithium,pqcrystals_dilithium2_ref_invntt_tomont,binOpFault/pqcrystals_dilithium2_ref_invntt_tomont_line31_undef,test_result.txt,correction,no,"no (s, alpha) with constant Delta across p found in range swept"
dilithium,pqcrystals_dilithium2_ref_invntt_tomont,binOpFault/pqcrystals_dilithium2_ref_invntt_tomont_line31_undef,test_result.txt,ineffective,no,no disagreement found in range swept
dilithium,pqcrystals_dilithium2_ref_invntt_tomont,binOpFault/pqcrystals_dilithium2_ref_invntt_tomont_line31_zero,test_result.txt,correction,no,"no (s, alpha) with constant Delta across p found in range swept"
dilithium,pqcrystals_dilithium2_ref_invntt_tomont,binOpFault/pqcrystals_dilithium2_ref_invntt_tomont_line31_zero,test_result.txt,ineffective,no,no disagreement found in range swept
dilithium,pqcrystals_dilithium2_ref_invntt_tomont,binOpFault/pqcrystals_dilithium2_ref_invntt_tomont_line40_opA,test_result.txt,correction,no,"no (s, alpha) with constant Delta across p found in range swept"
dilithium,pqcrystals_dilithium2_ref_invntt_tomont,binOpFault/pqcrystals_dilithium2_ref_invntt_tomont_line40_opA,test_result.txt,ineffective,no,no disagreement found in range swept
dilithium,pqcrystals_dilithium2_ref_invntt_tomont,binOpFault/pqcrystals_dilithium2_ref_invntt_tomont_line40_opB,test_result.txt,correction,no,"no (s, alpha) with constant Delta across p found in range swept"
dilithium,pqcrystals_dilithium2_ref_invntt_tomont,binOpFault/pqcrystals_dilithium2_ref_invntt_tomont_line40_opB,test_result.txt,ineffective,no,no disagreement found in range swept
dilithium,pqcrystals_dilithium2_ref_invntt_tomont,binOpFault/pqcrystals_dilithium2_ref_invntt_tomont_line40_undef,test_result.txt,correction,no,"no (s, alpha) with constant Delta across p found in range swept"
dilithium,pqcrystals_dilithium2_ref_invntt_tomont,binOpFault/pqcrystals_dilithium2_ref_invntt_tomont_line40_undef,test_result.txt,ineffective,no,no disagreement found in range swept
dilithium,pqcrystals_dilithium2_ref_invntt_tomont,binOpFault/pqcrystals_dilithium2_ref_invntt_tomont_line40_zero,test_result.txt,correction,no,"no (s, alpha) with constant Delta across p found in range swept"
dilithium,pqcrystals_dilithium2_ref_invntt_tomont,binOpFault/pqcrystals_dilithium2_ref_invntt_tomont_line40_zero,test_result.txt,ineffective,no,no disagreement found in range swept
dilithium,pqcrystals_dilithium2_ref_invntt_tomont,binOpFault/pqcrystals_dilithium2_ref_invntt_tomont_line59_opA,test_result.txt,correction,no,"no (s, alpha) with constant Delta across p found in range swept"
dilithium,pqcrystals_dilithium2_ref_invntt_tomont,binOpFault/pqcrystals_dilithium2_ref_invntt_tomont_line59_opA,test_result.txt,ineffective,no,no disagreement found in range swept
dilithium,pqcrystals_dilithium2_ref_invntt_tomont,binOpFault/pqcrystals_dilithium2_ref_invntt_tomont_line59_opB,test_result.txt,correction,no,"no (s, alpha) with constant Delta across p found in range swept"
dilithium,pqcrystals_dilithium2_ref_invntt_tomont,binOpFault/pqcrystals_dilithium2_ref_invntt_tomont_line59_opB,test_result.txt,ineffective,no,no disagreement found in range swept
dilithium,pqcrystals_dilithium2_ref_invntt_tomont,binOpFault/pqcrystals_dilithium2_ref_invntt_tomont_line59_undef,test_result.txt,correction,no,"no (s, alpha) with constant Delta across p found in range swept"
dilithium,pqcrystals_dilithium2_ref_invntt_tomont,binOpFault/pqcrystals_dilithium2_ref_invntt_tomont_line59_undef,test_result.txt,ineffective,no,no disagreement found in range swept
dilithium,pqcrystals_dilithium2_ref_invntt_tomont,binOpFault/pqcrystals_dilithium2_ref_invntt_tomont_line59_zero,test_result.txt,correction,no,"no (s, alpha) with constant Delta across p found in range swept"
dilithium,pqcrystals_dilithium2_ref_invntt_tomont,binOpFault/pqcrystals_dilithium2_ref_invntt_tomont_line59_zero,test_result.txt,ineffective,no,no disagreement found in range swept
dilithium,pqcrystals_dilithium2_ref_invntt_tomont,loopOrFuncSkip/pqcrystals_dilithium2_ref_invntt_tomont_fnSkip_pqcrystals_dilithium2_ref_montgomery_reduce_line41,test_result.txt,correction,no,"no (s, alpha) with constant Delta across p found in range swept"
dilithium,pqcrystals_dilithium2_ref_invntt_tomont,loopOrFuncSkip/pqcrystals_dilithium2_ref_invntt_tomont_fnSkip_pqcrystals_dilithium2_ref_montgomery_reduce_line41,test_result.txt,ineffective,no,no disagreement found in range swept
dilithium,pqcrystals_dilithium2_ref_invntt_tomont,loopOrFuncSkip/pqcrystals_dilithium2_ref_invntt_tomont_fnSkip_pqcrystals_dilithium2_ref_montgomery_reduce_line60,test_result.txt,correction,no,"no (s, alpha) with constant Delta across p found in range swept"
dilithium,pqcrystals_dilithium2_ref_invntt_tomont,loopOrFuncSkip/pqcrystals_dilithium2_ref_invntt_tomont_fnSkip_pqcrystals_dilithium2_ref_montgomery_reduce_line60,test_result.txt,ineffective,no,no disagreement found in range swept
dilithium,pqcrystals_dilithium2_ref_ntt,binOpFault/pqcrystals_dilithium2_ref_ntt_line23_opA,test_result.txt,correction,no,"no (s, alpha) with constant Delta across p found in range swept"
dilithium,pqcrystals_dilithium2_ref_ntt,binOpFault/pqcrystals_dilithium2_ref_ntt_line23_opA,test_result.txt,ineffective,no,no disagreement found in range swept
dilithium,pqcrystals_dilithium2_ref_ntt,binOpFault/pqcrystals_dilithium2_ref_ntt_line23_opB,test_result.txt,correction,no,"no (s, alpha) with constant Delta across p found in range swept"
dilithium,pqcrystals_dilithium2_ref_ntt,binOpFault/pqcrystals_dilithium2_ref_ntt_line23_opB,test_result.txt,ineffective,no,no disagreement found in range swept
dilithium,pqcrystals_dilithium2_ref_ntt,binOpFault/pqcrystals_dilithium2_ref_ntt_line23_undef,test_result.txt,correction,no,"no (s, alpha) with constant Delta across p found in range swept"
dilithium,pqcrystals_dilithium2_ref_ntt,binOpFault/pqcrystals_dilithium2_ref_ntt_line23_undef,test_result.txt,ineffective,no,no disagreement found in range swept
dilithium,pqcrystals_dilithium2_ref_ntt,binOpFault/pqcrystals_dilithium2_ref_ntt_line23_zero,test_result.txt,correction,no,"no (s, alpha) with constant Delta across p found in range swept"
dilithium,pqcrystals_dilithium2_ref_ntt,binOpFault/pqcrystals_dilithium2_ref_ntt_line23_zero,test_result.txt,ineffective,no,no disagreement found in range swept
dilithium,pqcrystals_dilithium2_ref_ntt,binOpFault/pqcrystals_dilithium2_ref_ntt_line27_opA,test_result.txt,correction,no,"no (s, alpha) with constant Delta across p found in range swept"
dilithium,pqcrystals_dilithium2_ref_ntt,binOpFault/pqcrystals_dilithium2_ref_ntt_line27_opA,test_result.txt,ineffective,no,no disagreement found in range swept
dilithium,pqcrystals_dilithium2_ref_ntt,binOpFault/pqcrystals_dilithium2_ref_ntt_line27_opB,test_result.txt,correction,no,"no (s, alpha) with constant Delta across p found in range swept"
dilithium,pqcrystals_dilithium2_ref_ntt,binOpFault/pqcrystals_dilithium2_ref_ntt_line27_opB,test_result.txt,ineffective,no,no disagreement found in range swept
dilithium,pqcrystals_dilithium2_ref_ntt,binOpFault/pqcrystals_dilithium2_ref_ntt_line27_undef,test_result.txt,correction,no,"no (s, alpha) with constant Delta across p found in range swept"
dilithium,pqcrystals_dilithium2_ref_ntt,binOpFault/pqcrystals_dilithium2_ref_ntt_line27_undef,test_result.txt,ineffective,no,no disagreement found in range swept
dilithium,pqcrystals_dilithium2_ref_ntt,binOpFault/pqcrystals_dilithium2_ref_ntt_line27_zero,test_result.txt,correction,no,"no (s, alpha) with constant Delta across p found in range swept"
dilithium,pqcrystals_dilithium2_ref_ntt,binOpFault/pqcrystals_dilithium2_ref_ntt_line27_zero,test_result.txt,ineffective,no,no disagreement found in range swept
dilithium,pqcrystals_dilithium2_ref_ntt,binOpFault/pqcrystals_dilithium2_ref_ntt_line33_opA,test_result.txt,correction,no,"no (s, alpha) with constant Delta across p found in range swept"
dilithium,pqcrystals_dilithium2_ref_ntt,binOpFault/pqcrystals_dilithium2_ref_ntt_line33_opA,test_result.txt,ineffective,no,no disagreement found in range swept
dilithium,pqcrystals_dilithium2_ref_ntt,binOpFault/pqcrystals_dilithium2_ref_ntt_line33_opB,test_result.txt,correction,no,"no (s, alpha) with constant Delta across p found in range swept"
dilithium,pqcrystals_dilithium2_ref_ntt,binOpFault/pqcrystals_dilithium2_ref_ntt_line33_opB,test_result.txt,ineffective,no,no disagreement found in range swept
dilithium,pqcrystals_dilithium2_ref_ntt,binOpFault/pqcrystals_dilithium2_ref_ntt_line33_undef,test_result.txt,correction,no,"no (s, alpha) with constant Delta across p found in range swept"
dilithium,pqcrystals_dilithium2_ref_ntt,binOpFault/pqcrystals_dilithium2_ref_ntt_line33_undef,test_result.txt,ineffective,no,no disagreement found in range swept
dilithium,pqcrystals_dilithium2_ref_ntt,binOpFault/pqcrystals_dilithium2_ref_ntt_line33_zero,test_result.txt,correction,no,"no (s, alpha) with constant Delta across p found in range swept"
dilithium,pqcrystals_dilithium2_ref_ntt,binOpFault/pqcrystals_dilithium2_ref_ntt_line33_zero,test_result.txt,ineffective,no,no disagreement found in range swept
dilithium,pqcrystals_dilithium2_ref_ntt,loopOrFuncSkip/pqcrystals_dilithium2_ref_ntt_fnSkip_pqcrystals_dilithium2_ref_montgomery_reduce_line24,test_result.txt,correction,no,"no (s, alpha) with constant Delta across p found in range swept"
dilithium,pqcrystals_dilithium2_ref_ntt,loopOrFuncSkip/pqcrystals_dilithium2_ref_ntt_fnSkip_pqcrystals_dilithium2_ref_montgomery_reduce_line24,test_result.txt,ineffective,no,no disagreement found in range swept
dilithium,pqcrystals_dilithium2_ref_poly_add,binOpFault/pqcrystals_dilithium2_ref_poly_add_line8_opA,test_result.txt,correction,yes,"SATISFIED at pos 0 (s=-4190208, alpha=4190209: y1 = y2 xor alpha for all 4 swept p)"
dilithium,pqcrystals_dilithium2_ref_poly_add,binOpFault/pqcrystals_dilithium2_ref_poly_add_line8_opA,test_result.txt,ineffective,yes,"DETECTED at pos 0 (s1=0 ineffective, s2=-4190208 effective; pair on each of 4 public seeds)"
dilithium,pqcrystals_dilithium2_ref_poly_add,binOpFault/pqcrystals_dilithium2_ref_poly_add_line8_opB,test_result.txt,correction,no,"no (s, alpha) with constant Delta across p found in range swept"
dilithium,pqcrystals_dilithium2_ref_poly_add,binOpFault/pqcrystals_dilithium2_ref_poly_add_line8_opB,test_result.txt,ineffective,no,no disagreement found in range swept
dilithium,pqcrystals_dilithium2_ref_poly_add,binOpFault/pqcrystals_dilithium2_ref_poly_add_line8_undef,test_result.txt,correction,no,"no (s, alpha) with constant Delta across p found in range swept"
dilithium,pqcrystals_dilithium2_ref_poly_add,binOpFault/pqcrystals_dilithium2_ref_poly_add_line8_undef,test_result.txt,ineffective,no,no disagreement found in range swept
dilithium,pqcrystals_dilithium2_ref_poly_add,binOpFault/pqcrystals_dilithium2_ref_poly_add_line8_zero,test_result.txt,correction,no,"no (s, alpha) with constant Delta across p found in range swept"
dilithium,pqcrystals_dilithium2_ref_poly_add,binOpFault/pqcrystals_dilithium2_ref_poly_add_line8_zero,test_result.txt,ineffective,no,no disagreement found in range swept
dilithium,pqcrystals_dilithium2_ref_poly_caddq,loopOrFuncSkip/pqcrystals_dilithium2_ref_poly_caddq_fnSkip_pqcrystals_dilithium2_ref_caddq_line6,test_result.txt,correction,no,"no (s, alpha) with constant Delta across p found in range swept"
dilithium,pqcrystals_dilithium2_ref_poly_caddq,loopOrFuncSkip/pqcrystals_dilithium2_ref_poly_caddq_fnSkip_pqcrystals_dilithium2_ref_caddq_line6,test_result.txt,ineffective,yes,"DETECTED at pos 0 (s1=0 ineffective, s2=-4190208 effective; pair on each of 4 public seeds)"
dilithium,pqcrystals_dilithium2_ref_poly_decompose,loopOrFuncSkip/pqcrystals_dilithium2_ref_poly_decompose_fnSkip_pqcrystals_dilithium2_ref_decompose_line7,test_result.txt,correction,yes,"SATISFIED at pos 0 (s=0, alpha=3670113: y1 = y2 xor alpha for all 4 swept p)"
dilithium,pqcrystals_dilithium2_ref_poly_decompose,loopOrFuncSkip/pqcrystals_dilithium2_ref_poly_decompose_fnSkip_pqcrystals_dilithium2_ref_decompose_line7,test_result.txt,ineffective,no,no disagreement found in range swept
dilithium,pqcrystals_dilithium2_ref_poly_invntt_tomont,loopOrFuncSkip/pqcrystals_dilithium2_ref_poly_invntt_tomont_fnSkip_pqcrystals_dilithium2_ref_invntt_tomont_line0,test_result.txt,correction,no,"no (s, alpha) with constant Delta across p found in range swept"
dilithium,pqcrystals_dilithium2_ref_poly_invntt_tomont,loopOrFuncSkip/pqcrystals_dilithium2_ref_poly_invntt_tomont_fnSkip_pqcrystals_dilithium2_ref_invntt_tomont_line0,test_result.txt,ineffective,no,no disagreement found in range swept
dilithium,pqcrystals_dilithium2_ref_poly_make_hint,binOpFault/pqcrystals_dilithium2_ref_poly_make_hint_line12_opA,test_result.txt,correction,no,"no (s, alpha) with constant Delta across p found in range swept"
dilithium,pqcrystals_dilithium2_ref_poly_make_hint,binOpFault/pqcrystals_dilithium2_ref_poly_make_hint_line12_opA,test_result.txt,ineffective,no,no disagreement found in range swept
dilithium,pqcrystals_dilithium2_ref_poly_make_hint,binOpFault/pqcrystals_dilithium2_ref_poly_make_hint_line12_opB,test_result.txt,correction,no,"no (s, alpha) with constant Delta across p found in range swept"
dilithium,pqcrystals_dilithium2_ref_poly_make_hint,binOpFault/pqcrystals_dilithium2_ref_poly_make_hint_line12_opB,test_result.txt,ineffective,no,no disagreement found in range swept
dilithium,pqcrystals_dilithium2_ref_poly_make_hint,binOpFault/pqcrystals_dilithium2_ref_poly_make_hint_line12_undef,test_result.txt,correction,no,"no (s, alpha) with constant Delta across p found in range swept"
dilithium,pqcrystals_dilithium2_ref_poly_make_hint,binOpFault/pqcrystals_dilithium2_ref_poly_make_hint_line12_undef,test_result.txt,ineffective,no,no disagreement found in range swept
dilithium,pqcrystals_dilithium2_ref_poly_make_hint,binOpFault/pqcrystals_dilithium2_ref_poly_make_hint_line12_zero,test_result.txt,correction,no,"no (s, alpha) with constant Delta across p found in range swept"
dilithium,pqcrystals_dilithium2_ref_poly_make_hint,binOpFault/pqcrystals_dilithium2_ref_poly_make_hint_line12_zero,test_result.txt,ineffective,no,no disagreement found in range swept
dilithium,pqcrystals_dilithium2_ref_poly_make_hint,loopOrFuncSkip/pqcrystals_dilithium2_ref_poly_make_hint_fnSkip_pqcrystals_dilithium2_ref_make_hint_line9,test_result.txt,correction,yes,"SATISFIED at pos 0 (s=-95232, alpha=95232: y1 = y2 xor alpha for all 4 swept p)"
dilithium,pqcrystals_dilithium2_ref_poly_make_hint,loopOrFuncSkip/pqcrystals_dilithium2_ref_poly_make_hint_fnSkip_pqcrystals_dilithium2_ref_make_hint_line9,test_result.txt,ineffective,yes,"DETECTED at pos 0 (s1=0 ineffective, s2=-95232 effective; pair on each of 4 public seeds)"
dilithium,pqcrystals_dilithium2_ref_poly_ntt,loopOrFuncSkip/pqcrystals_dilithium2_ref_poly_ntt_fnSkip_pqcrystals_dilithium2_ref_ntt_line0,test_result.txt,correction,no,"no (s, alpha) with constant Delta across p found in range swept"
dilithium,pqcrystals_dilithium2_ref_poly_ntt,loopOrFuncSkip/pqcrystals_dilithium2_ref_poly_ntt_fnSkip_pqcrystals_dilithium2_ref_ntt_line0,test_result.txt,ineffective,yes,"DETECTED at pos 916 (s1=12 ineffective, s2=0 effective; pair on each of 4 public seeds)"
dilithium,pqcrystals_dilithium2_ref_poly_pointwise_montgomery,binOpFault/pqcrystals_dilithium2_ref_poly_pointwise_montgomery_line10_opA,test_result.txt,correction,no,"no (s, alpha) with constant Delta across p found in range swept"
dilithium,pqcrystals_dilithium2_ref_poly_pointwise_montgomery,binOpFault/pqcrystals_dilithium2_ref_poly_pointwise_montgomery_line10_opA,test_result.txt,ineffective,yes,"DETECTED at pos 0 (s1=0 ineffective, s2=32864 effective; pair on each of 4 public seeds)"
dilithium,pqcrystals_dilithium2_ref_poly_pointwise_montgomery,binOpFault/pqcrystals_dilithium2_ref_poly_pointwise_montgomery_line10_opB,test_result.txt,correction,no,"no (s, alpha) with constant Delta across p found in range swept"
dilithium,pqcrystals_dilithium2_ref_poly_pointwise_montgomery,binOpFault/pqcrystals_dilithium2_ref_poly_pointwise_montgomery_line10_opB,test_result.txt,ineffective,yes,"DETECTED at pos 0 (s1=0 ineffective, s2=32864 effective; pair on each of 4 public seeds)"
dilithium,pqcrystals_dilithium2_ref_poly_pointwise_montgomery,binOpFault/pqcrystals_dilithium2_ref_poly_pointwise_montgomery_line10_undef,test_result.txt,correction,yes,"SATISFIED at pos 0 (s=0, alpha=1005713: y1 = y2 xor alpha for all 4 swept p)"
dilithium,pqcrystals_dilithium2_ref_poly_pointwise_montgomery,binOpFault/pqcrystals_dilithium2_ref_poly_pointwise_montgomery_line10_undef,test_result.txt,ineffective,no,no disagreement found in range swept
dilithium,pqcrystals_dilithium2_ref_poly_pointwise_montgomery,binOpFault/pqcrystals_dilithium2_ref_poly_pointwise_montgomery_line10_zero,test_result.txt,correction,no,"no (s, alpha) with constant Delta across p found in range swept"
dilithium,pqcrystals_dilithium2_ref_poly_pointwise_montgomery,binOpFault/pqcrystals_dilithium2_ref_poly_pointwise_montgomery_line10_zero,test_result.txt,ineffective,yes,"DETECTED at pos 0 (s1=0 ineffective, s2=32864 effective; pair on each of 4 public seeds)"
dilithium,pqcrystals_dilithium2_ref_poly_pointwise_montgomery,loopOrFuncSkip/pqcrystals_dilithium2_ref_poly_pointwise_montgomery_fnSkip_pqcrystals_dilithium2_ref_montgomery_reduce_line11,test_result.txt,correction,no,"no (s, alpha) with constant Delta across p found in range swept"
dilithium,pqcrystals_dilithium2_ref_poly_pointwise_montgomery,loopOrFuncSkip/pqcrystals_dilithium2_ref_poly_pointwise_montgomery_fnSkip_pqcrystals_dilithium2_ref_montgomery_reduce_line11,test_result.txt,ineffective,yes,"DETECTED at pos 0 (s1=0 ineffective, s2=32864 effective; pair on each of 4 public seeds)"
dilithium,pqcrystals_dilithium2_ref_poly_sub,binOpFault/pqcrystals_dilithium2_ref_poly_sub_line8_opA,test_result.txt,correction,yes,"SATISFIED at pos 0 (s=-4190208, alpha=4190208: y1 = y2 xor alpha for all 4 swept p)"
dilithium,pqcrystals_dilithium2_ref_poly_sub,binOpFault/pqcrystals_dilithium2_ref_poly_sub_line8_opA,test_result.txt,ineffective,yes,"DETECTED at pos 0 (s1=0 ineffective, s2=-4190208 effective; pair on each of 4 public seeds)"
dilithium,pqcrystals_dilithium2_ref_poly_sub,binOpFault/pqcrystals_dilithium2_ref_poly_sub_line8_opB,test_result.txt,correction,no,"no (s, alpha) with constant Delta across p found in range swept"
dilithium,pqcrystals_dilithium2_ref_poly_sub,binOpFault/pqcrystals_dilithium2_ref_poly_sub_line8_opB,test_result.txt,ineffective,no,no disagreement found in range swept
dilithium,pqcrystals_dilithium2_ref_poly_sub,binOpFault/pqcrystals_dilithium2_ref_poly_sub_line8_undef,test_result.txt,correction,no,"no (s, alpha) with constant Delta across p found in range swept"
dilithium,pqcrystals_dilithium2_ref_poly_sub,binOpFault/pqcrystals_dilithium2_ref_poly_sub_line8_undef,test_result.txt,ineffective,no,no disagreement found in range swept
dilithium,pqcrystals_dilithium2_ref_poly_sub,binOpFault/pqcrystals_dilithium2_ref_poly_sub_line8_zero,test_result.txt,correction,no,"no (s, alpha) with constant Delta across p found in range swept"
dilithium,pqcrystals_dilithium2_ref_poly_sub,binOpFault/pqcrystals_dilithium2_ref_poly_sub_line8_zero,test_result.txt,ineffective,no,no disagreement found in range swept
dilithium,pqcrystals_dilithium2_ref_poly_uniform,loopOrFuncSkip/pqcrystals_dilithium2_ref_poly_uniform_fnSkip_pqcrystals_dilithium2_ref_dilithium_shake128_stream_init_line2,test_result.txt,correction,no,"no (s, alpha) with constant Delta across p found in range swept"
dilithium,pqcrystals_dilithium2_ref_poly_uniform,loopOrFuncSkip/pqcrystals_dilithium2_ref_poly_uniform_fnSkip_pqcrystals_dilithium2_ref_dilithium_shake128_stream_init_line2,test_result.txt,ineffective,yes,"DETECTED at pos 594 (s1=16 ineffective, s2=0 effective; pair on each of 4 public seeds)"
dilithium,pqcrystals_dilithium2_ref_poly_uniform,loopOrFuncSkip/pqcrystals_dilithium2_ref_poly_uniform_fnSkip_pqcrystals_dilithium_fips202_ref_shake128_squeezeblocks_line24,test_result.txt,correction,no,"no (s, alpha) with constant Delta across p found in range swept"
dilithium,pqcrystals_dilithium2_ref_poly_uniform,loopOrFuncSkip/pqcrystals_dilithium2_ref_poly_uniform_fnSkip_pqcrystals_dilithium_fips202_ref_shake128_squeezeblocks_line24,test_result.txt,ineffective,no,no disagreement found in range swept
dilithium,pqcrystals_dilithium2_ref_poly_uniform,loopOrFuncSkip/pqcrystals_dilithium2_ref_poly_uniform_fnSkip_pqcrystals_dilithium_fips202_ref_shake128_squeezeblocks_line3,test_result.txt,correction,no,"no (s, alpha) with constant Delta across p found in range swept"
dilithium,pqcrystals_dilithium2_ref_poly_uniform,loopOrFuncSkip/pqcrystals_dilithium2_ref_poly_uniform_fnSkip_pqcrystals_dilithium_fips202_ref_shake128_squeezeblocks_line3,test_result.txt,ineffective,yes,"DETECTED at pos 810 (s1=17 ineffective, s2=0 effective; pair on each of 4 public seeds)"
dilithium,pqcrystals_dilithium2_ref_poly_uniform_eta,loopOrFuncSkip/pqcrystals_dilithium2_ref_poly_uniform_eta_fnSkip_rej_eta_line12,test_result.txt,correction,no,"no (s, alpha) with constant Delta across p found in range swept"
dilithium,pqcrystals_dilithium2_ref_poly_uniform_eta,loopOrFuncSkip/pqcrystals_dilithium2_ref_poly_uniform_eta_fnSkip_rej_eta_line12,test_result.txt,ineffective,no,no disagreement found in range swept
dilithium,pqcrystals_dilithium2_ref_poly_uniform_eta,loopOrFuncSkip/pqcrystals_dilithium2_ref_poly_uniform_eta_fnSkip_rej_eta_line4,test_result.txt,correction,yes,"SATISFIED at pos 17 (s=0, alpha=255: y1 = y2 xor alpha for all 4 swept p)"
dilithium,pqcrystals_dilithium2_ref_poly_uniform_eta,loopOrFuncSkip/pqcrystals_dilithium2_ref_poly_uniform_eta_fnSkip_rej_eta_line4,test_result.txt,ineffective,yes,"DETECTED at pos 9 (s1=0 ineffective, s2=1 effective; pair on each of 4 public seeds)"
dilithium,pqcrystals_dilithium2_ref_poly_uniform_gamma1,loopOrFuncSkip/pqcrystals_dilithium2_ref_poly_uniform_gamma1_fnSkip_pqcrystals_dilithium2_ref_dilithium_shake256_stream_init_line2,test_result.txt,correction,yes,"SATISFIED at pos 19 (s=0, alpha=255: y1 = y2 xor alpha for all 4 swept p)"
dilithium,pqcrystals_dilithium2_ref_poly_uniform_gamma1,loopOrFuncSkip/pqcrystals_dilithium2_ref_poly_uniform_gamma1_fnSkip_pqcrystals_dilithium2_ref_dilithium_shake256_stream_init_line2,test_result.txt,ineffective,yes,"DETECTED at pos 31 (s1=1 ineffective, s2=0 effective; pair on each of 4 public seeds)"
dilithium,pqcrystals_dilithium2_ref_poly_uniform_gamma1,loopOrFuncSkip/pqcrystals_dilithium2_ref_poly_uniform_gamma1_fnSkip_pqcrystals_dilithium_fips202_ref_shake256_squeezeblocks_line3,test_result.txt,correction,yes,"SATISFIED at pos 83 (s=0, alpha=255: y1 = y2 xor alpha for all 4 swept p)"
dilithium,pqcrystals_dilithium2_ref_poly_uniform_gamma1,loopOrFuncSkip/pqcrystals_dilithium2_ref_poly_uniform_gamma1_fnSkip_pqcrystals_dilithium_fips202_ref_shake256_squeezeblocks_line3,test_result.txt,ineffective,yes,"DETECTED at pos 31 (s1=0 ineffective, s2=1 effective; pair on each of 4 public seeds)"
dilithium,pqcrystals_dilithium2_ref_polyvec_matrix_pointwise_montgomery,loopOrFuncSkip/pqcrystals_dilithium2_ref_polyvec_matrix_pointwise_montgomery_fnSkip_pqcrystals_dilithium2_ref_polyvecl_pointwise_acc_montgomery_line6,test_result.txt,correction,no,"no (s, alpha) with constant Delta across p found in range swept"
dilithium,pqcrystals_dilithium2_ref_polyvec_matrix_pointwise_montgomery,loopOrFuncSkip/pqcrystals_dilithium2_ref_polyvec_matrix_pointwise_montgomery_fnSkip_pqcrystals_dilithium2_ref_polyvecl_pointwise_acc_montgomery_line6,test_result.txt,ineffective,no,no disagreement found in range swept
dilithium,pqcrystals_dilithium2_ref_polyveck_add,loopOrFuncSkip/pqcrystals_dilithium2_ref_polyveck_add_fnSkip_pqcrystals_dilithium2_ref_poly_add_line7,test_result.txt,correction,no,"no (s, alpha) with constant Delta across p found in range swept"
dilithium,pqcrystals_dilithium2_ref_polyveck_add,loopOrFuncSkip/pqcrystals_dilithium2_ref_polyveck_add_fnSkip_pqcrystals_dilithium2_ref_poly_add_line7,test_result.txt,ineffective,no,no disagreement found in range swept
dilithium,pqcrystals_dilithium2_ref_polyveck_caddq,loopOrFuncSkip/pqcrystals_dilithium2_ref_polyveck_caddq_fnSkip_pqcrystals_dilithium2_ref_poly_caddq_line5,test_result.txt,correction,no,"no (s, alpha) with constant Delta across p found in range swept"
dilithium,pqcrystals_dilithium2_ref_polyveck_caddq,loopOrFuncSkip/pqcrystals_dilithium2_ref_polyveck_caddq_fnSkip_pqcrystals_dilithium2_ref_poly_caddq_line5,test_result.txt,ineffective,yes,"DETECTED at pos 0 (s1=0 ineffective, s2=-4190208 effective; pair on each of 4 public seeds)"
dilithium,pqcrystals_dilithium2_ref_polyveck_decompose,loopOrFuncSkip/pqcrystals_dilithium2_ref_polyveck_decompose_fnSkip_pqcrystals_dilithium2_ref_poly_decompose_line7,test_result.txt,correction,yes,"SATISFIED at pos 0 (s=98593, alpha=1: y1 = y2 xor alpha for all 4 swept p)"
dilithium,pqcrystals_dilithium2_ref_polyveck_decompose,loopOrFuncSkip/pqcrystals_dilithium2_ref_polyveck_decompose_fnSkip_pqcrystals_dilithium2_ref_poly_decompose_line7,test_result.txt,ineffective,yes,"DETECTED at pos 0 (s1=0 ineffective, s2=98593 effective; pair on each of 4 public seeds)"
dilithium,pqcrystals_dilithium2_ref_polyveck_invntt_tomont,loopOrFuncSkip/pqcrystals_dilithium2_ref_polyveck_invntt_tomont_fnSkip_pqcrystals_dilithium2_ref_poly_invntt_tomont_line5,test_result.txt,correction,no,"no (s, alpha) with constant Delta across p found in range swept"
dilithium,pqcrystals_dilithium2_ref_polyveck_invntt_tomont,loopOrFuncSkip/pqcrystals_dilithium2_ref_polyveck_invntt_tomont_fnSkip_pqcrystals_dilithium2_ref_poly_invntt_tomont_line5,test_result.txt,ineffective,no,no disagreement found in range swept
dilithium,pqcrystals_dilithium2_ref_polyveck_ntt,loopOrFuncSkip/pqcrystals_dilithium2_ref_polyveck_ntt_fnSkip_pqcrystals_dilithium2_ref_poly_ntt_line5,test_result.txt,correction,no,"no (s, alpha) with constant Delta across p found in range swept"
dilithium,pqcrystals_dilithium2_ref_polyveck_ntt,loopOrFuncSkip/pqcrystals_dilithium2_ref_polyveck_ntt_fnSkip_pqcrystals_dilithium2_ref_poly_ntt_line5,test_result.txt,ineffective,no,no disagreement found in range swept
dilithium,pqcrystals_dilithium2_ref_polyveck_pointwise_poly_montgomery,loopOrFuncSkip/pqcrystals_dilithium2_ref_polyveck_pointwise_poly_montgomery_fnSkip_pqcrystals_dilithium2_ref_poly_pointwise_montgomery_line6,test_result.txt,correction,no,"no (s, alpha) with constant Delta across p found in range swept"
dilithium,pqcrystals_dilithium2_ref_polyveck_pointwise_poly_montgomery,loopOrFuncSkip/pqcrystals_dilithium2_ref_polyveck_pointwise_poly_montgomery_fnSkip_pqcrystals_dilithium2_ref_poly_pointwise_montgomery_line6,test_result.txt,ineffective,yes,"DETECTED at pos 0 (s1=0 ineffective, s2=32864 effective; pair on each of 4 public seeds)"
dilithium,pqcrystals_dilithium2_ref_polyveck_reduce,loopOrFuncSkip/pqcrystals_dilithium2_ref_polyveck_reduce_fnSkip_pqcrystals_dilithium2_ref_poly_reduce_line5,test_result.txt,correction,no,"no (s, alpha) with constant Delta across p found in range swept"
dilithium,pqcrystals_dilithium2_ref_polyveck_reduce,loopOrFuncSkip/pqcrystals_dilithium2_ref_polyveck_reduce_fnSkip_pqcrystals_dilithium2_ref_poly_reduce_line5,test_result.txt,ineffective,yes,"DETECTED at pos 0 (s1=0 ineffective, s2=-8380416 effective; pair on each of 4 public seeds)"
dilithium,pqcrystals_dilithium2_ref_polyveck_shiftl,loopOrFuncSkip/pqcrystals_dilithium2_ref_polyveck_shiftl_fnSkip_pqcrystals_dilithium2_ref_poly_shiftl_line5,test_result.txt,correction,yes,"SATISFIED at pos 0 (s=4, alpha=32764: y1 = y2 xor alpha for all 4 swept p)"
dilithium,pqcrystals_dilithium2_ref_polyveck_shiftl,loopOrFuncSkip/pqcrystals_dilithium2_ref_polyveck_shiftl_fnSkip_pqcrystals_dilithium2_ref_poly_shiftl_line5,test_result.txt,ineffective,yes,"DETECTED at pos 0 (s1=0 ineffective, s2=4 effective; pair on each of 4 public seeds)"
dilithium,pqcrystals_dilithium2_ref_polyveck_sub,loopOrFuncSkip/pqcrystals_dilithium2_ref_polyveck_sub_fnSkip_pqcrystals_dilithium2_ref_poly_sub_line7,test_result.txt,correction,no,"no (s, alpha) with constant Delta across p found in range swept"
dilithium,pqcrystals_dilithium2_ref_polyveck_sub,loopOrFuncSkip/pqcrystals_dilithium2_ref_polyveck_sub_fnSkip_pqcrystals_dilithium2_ref_poly_sub_line7,test_result.txt,ineffective,no,no disagreement found in range swept
dilithium,pqcrystals_dilithium2_ref_polyveck_uniform_eta,loopOrFuncSkip/pqcrystals_dilithium2_ref_polyveck_uniform_eta_fnSkip_pqcrystals_dilithium2_ref_poly_uniform_eta_line6,test_result.txt,correction,yes,"SATISFIED at pos 25 (s=0, alpha=255: y1 = y2 xor alpha for all 4 swept p)"
dilithium,pqcrystals_dilithium2_ref_polyveck_uniform_eta,loopOrFuncSkip/pqcrystals_dilithium2_ref_polyveck_uniform_eta_fnSkip_pqcrystals_dilithium2_ref_poly_uniform_eta_line6,test_result.txt,ineffective,yes,"DETECTED at pos 13 (s1=0 ineffective, s2=1 effective; pair on each of 4 public seeds)"
dilithium,pqcrystals_dilithium2_ref_polyvecl_add,loopOrFuncSkip/pqcrystals_dilithium2_ref_polyvecl_add_fnSkip_pqcrystals_dilithium2_ref_poly_add_line7,test_result.txt,correction,yes,"SATISFIED at pos 15 (s=0, alpha=255: y1 = y2 xor alpha for all 4 swept p)"
dilithium,pqcrystals_dilithium2_ref_polyvecl_add,loopOrFuncSkip/pqcrystals_dilithium2_ref_polyvecl_add_fnSkip_pqcrystals_dilithium2_ref_poly_add_line7,test_result.txt,ineffective,yes,"DETECTED at pos 15 (s1=-78 ineffective, s2=0 effective)"
dilithium,pqcrystals_dilithium2_ref_polyvecl_invntt_tomont,loopOrFuncSkip/pqcrystals_dilithium2_ref_polyvecl_invntt_tomont_fnSkip_pqcrystals_dilithium2_ref_poly_invntt_tomont_line5,test_result.txt,correction,no,"no (s, alpha) with constant Delta across p found in range swept"
dilithium,pqcrystals_dilithium2_ref_polyvecl_invntt_tomont,loopOrFuncSkip/pqcrystals_dilithium2_ref_polyvecl_invntt_tomont_fnSkip_pqcrystals_dilithium2_ref_poly_invntt_tomont_line5,test_result.txt,ineffective,no,no disagreement found in range swept
dilithium,pqcrystals_dilithium2_ref_polyvecl_ntt,loopOrFuncSkip/pqcrystals_dilithium2_ref_polyvecl_ntt_fnSkip_pqcrystals_dilithium2_ref_poly_ntt_line5,test_result.txt,correction,no,"no (s, alpha) with constant Delta across p found in range swept"
dilithium,pqcrystals_dilithium2_ref_polyvecl_ntt,loopOrFuncSkip/pqcrystals_dilithium2_ref_polyvecl_ntt_fnSkip_pqcrystals_dilithium2_ref_poly_ntt_line5,test_result.txt,ineffective,no,no disagreement found in range swept
dilithium,pqcrystals_dilithium2_ref_polyvecl_pointwise_acc_montgomery,loopOrFuncSkip/pqcrystals_dilithium2_ref_polyvecl_pointwise_acc_montgomery_fnSkip_pqcrystals_dilithium2_ref_poly_add_line9,test_result.txt,correction,no,"no (s, alpha) with constant Delta across p found in range swept"
dilithium,pqcrystals_dilithium2_ref_polyvecl_pointwise_acc_montgomery,loopOrFuncSkip/pqcrystals_dilithium2_ref_polyvecl_pointwise_acc_montgomery_fnSkip_pqcrystals_dilithium2_ref_poly_add_line9,test_result.txt,ineffective,no,no disagreement found in range swept
dilithium,pqcrystals_dilithium2_ref_polyvecl_pointwise_acc_montgomery,loopOrFuncSkip/pqcrystals_dilithium2_ref_polyvecl_pointwise_acc_montgomery_fnSkip_pqcrystals_dilithium2_ref_poly_pointwise_montgomery_line1,test_result.txt,correction,no,"no (s, alpha) with constant Delta across p found in range swept"
dilithium,pqcrystals_dilithium2_ref_polyvecl_pointwise_acc_montgomery,loopOrFuncSkip/pqcrystals_dilithium2_ref_polyvecl_pointwise_acc_montgomery_fnSkip_pqcrystals_dilithium2_ref_poly_pointwise_montgomery_line1,test_result.txt,ineffective,yes,"DETECTED at pos 0 (s1=0 ineffective, s2=32864 effective; pair on each of 4 public seeds)"
dilithium,pqcrystals_dilithium2_ref_polyvecl_pointwise_acc_montgomery,loopOrFuncSkip/pqcrystals_dilithium2_ref_polyvecl_pointwise_acc_montgomery_fnSkip_pqcrystals_dilithium2_ref_poly_pointwise_montgomery_line8,test_result.txt,correction,no,"no (s, alpha) with constant Delta across p found in range swept"
dilithium,pqcrystals_dilithium2_ref_polyvecl_pointwise_acc_montgomery,loopOrFuncSkip/pqcrystals_dilithium2_ref_polyvecl_pointwise_acc_montgomery_fnSkip_pqcrystals_dilithium2_ref_poly_pointwise_montgomery_line8,test_result.txt,ineffective,no,no disagreement found in range swept
dilithium,pqcrystals_dilithium2_ref_polyvecl_pointwise_poly_montgomery,loopOrFuncSkip/pqcrystals_dilithium2_ref_polyvecl_pointwise_poly_montgomery_fnSkip_pqcrystals_dilithium2_ref_poly_pointwise_montgomery_line6,test_result.txt,correction,no,"no (s, alpha) with constant Delta across p found in range swept"
dilithium,pqcrystals_dilithium2_ref_polyvecl_pointwise_poly_montgomery,loopOrFuncSkip/pqcrystals_dilithium2_ref_polyvecl_pointwise_poly_montgomery_fnSkip_pqcrystals_dilithium2_ref_poly_pointwise_montgomery_line6,test_result.txt,ineffective,yes,"DETECTED at pos 0 (s1=0 ineffective, s2=32864 effective; pair on each of 4 public seeds)"
dilithium,pqcrystals_dilithium2_ref_polyvecl_uniform_eta,loopOrFuncSkip/pqcrystals_dilithium2_ref_polyvecl_uniform_eta_fnSkip_pqcrystals_dilithium2_ref_poly_uniform_eta_line6,test_result.txt,correction,yes,"SATISFIED at pos 89 (s=0, alpha=255: y1 = y2 xor alpha for all 4 swept p)"
dilithium,pqcrystals_dilithium2_ref_polyvecl_uniform_eta,loopOrFuncSkip/pqcrystals_dilithium2_ref_polyvecl_uniform_eta_fnSkip_pqcrystals_dilithium2_ref_poly_uniform_eta_line6,test_result.txt,ineffective,yes,"DETECTED at pos 48 (s1=0 ineffective, s2=1 effective; pair on each of 4 public seeds)"
dilithium,pqcrystals_dilithium2_ref_polyvecl_uniform_gamma1,loopOrFuncSkip/pqcrystals_dilithium2_ref_polyvecl_uniform_gamma1_fnSkip_pqcrystals_dilithium2_ref_poly_uniform_gamma1_line9,test_result.txt,correction,yes,"SATISFIED at pos 83 (s=0, alpha=255: y1 = y2 xor alpha for all 4 swept p)"
dilithium,pqcrystals_dilithium2_ref_polyvecl_uniform_gamma1,loopOrFuncSkip/pqcrystals_dilithium2_ref_polyvecl_uniform_gamma1_fnSkip_pqcrystals_dilithium2_ref_poly_uniform_gamma1_line9,test_result.txt,ineffective,yes,"DETECTED at pos 31 (s1=0 ineffective, s2=1 effective; pair on each of 4 public seeds)"
dilithium,pqcrystals_dilithium2_ref_signature_internal,loopOrFuncSkip/pqcrystals_dilithium2_ref_signature_internal_fnSkip_memcpy_line37,test_result.txt,correction,yes,"SATISFIED at pos 470 (s=74, alpha=192: y1 = y2 xor alpha for all 4 swept p)"
dilithium,pqcrystals_dilithium2_ref_signature_internal,loopOrFuncSkip/pqcrystals_dilithium2_ref_signature_internal_fnSkip_memcpy_line37,test_result.txt,ineffective,yes,"DETECTED at pos 319 (s1=6 ineffective, s2=7 effective; on every seed (p_k, r_k))"
dilithium,pqcrystals_dilithium2_ref_signature_internal,loopOrFuncSkip/pqcrystals_dilithium2_ref_signature_internal_fnSkip_pqcrystals_dilithium2_ref_pack_sig_line77,test_result.txt,correction,yes,"SATISFIED at pos 2416 (s=108, alpha=14: y1 = y2 xor alpha for all 4 swept p)"
dilithium,pqcrystals_dilithium2_ref_signature_internal,loopOrFuncSkip/pqcrystals_dilithium2_ref_signature_internal_fnSkip_pqcrystals_dilithium2_ref_pack_sig_line77,test_result.txt,ineffective,yes,"DETECTED at pos 2397 (s1=7 ineffective, s2=0 effective; on every seed (p_k, r_k))"
dilithium,pqcrystals_dilithium2_ref_signature_internal,loopOrFuncSkip/pqcrystals_dilithium2_ref_signature_internal_fnSkip_pqcrystals_dilithium2_ref_poly_challenge_line50,test_result.txt,correction,yes,"SATISFIED at pos 47 (s=0, alpha=128: y1 = y2 xor alpha for all 4 swept p)"
dilithium,pqcrystals_dilithium2_ref_signature_internal,loopOrFuncSkip/pqcrystals_dilithium2_ref_signature_internal_fnSkip_pqcrystals_dilithium2_ref_poly_challenge_line50,test_result.txt,ineffective,yes,"DETECTED at pos 170 (s1=0 ineffective, s2=1 effective; on every seed (p_k, r_k))"
dilithium,pqcrystals_dilithium2_ref_signature_internal,loopOrFuncSkip/pqcrystals_dilithium2_ref_signature_internal_fnSkip_pqcrystals_dilithium2_ref_poly_ntt_line51,test_result.txt,correction,timeout,subprocess.TimeoutExpired
dilithium,pqcrystals_dilithium2_ref_signature_internal,loopOrFuncSkip/pqcrystals_dilithium2_ref_signature_internal_fnSkip_pqcrystals_dilithium2_ref_poly_ntt_line51,test_result.txt,ineffective,timeout,subprocess.TimeoutExpired
dilithium,pqcrystals_dilithium2_ref_signature_internal,loopOrFuncSkip/pqcrystals_dilithium2_ref_signature_internal_fnSkip_pqcrystals_dilithium2_ref_polyvec_matrix_expand_line29,test_result.txt,correction,yes,"SATISFIED at pos 586 (s=23, alpha=1: y1 = y2 xor alpha for all 4 swept p)"
dilithium,pqcrystals_dilithium2_ref_signature_internal,loopOrFuncSkip/pqcrystals_dilithium2_ref_signature_internal_fnSkip_pqcrystals_dilithium2_ref_polyvec_matrix_expand_line29,test_result.txt,ineffective,yes,"DETECTED at pos 72 (s1=0 ineffective, s2=1 effective)"
dilithium,pqcrystals_dilithium2_ref_signature_internal,loopOrFuncSkip/pqcrystals_dilithium2_ref_signature_internal_fnSkip_pqcrystals_dilithium2_ref_polyvec_matrix_pointwise_montgomery_line39,test_result.txt,correction,yes,"SATISFIED at pos 586 (s=23, alpha=1: y1 = y2 xor alpha for all 4 swept p)"
dilithium,pqcrystals_dilithium2_ref_signature_internal,loopOrFuncSkip/pqcrystals_dilithium2_ref_signature_internal_fnSkip_pqcrystals_dilithium2_ref_polyvec_matrix_pointwise_montgomery_line39,test_result.txt,ineffective,yes,"DETECTED at pos 72 (s1=0 ineffective, s2=1 effective)"
dilithium,pqcrystals_dilithium2_ref_signature_internal,loopOrFuncSkip/pqcrystals_dilithium2_ref_signature_internal_fnSkip_pqcrystals_dilithium2_ref_polyveck_add_line73,test_result.txt,correction,yes,"SATISFIED at pos 2416 (s=108, alpha=14: y1 = y2 xor alpha for all 4 swept p)"
dilithium,pqcrystals_dilithium2_ref_signature_internal,loopOrFuncSkip/pqcrystals_dilithium2_ref_signature_internal_fnSkip_pqcrystals_dilithium2_ref_polyveck_add_line73,test_result.txt,ineffective,yes,"DETECTED at pos 2397 (s1=7 ineffective, s2=0 effective; on every seed (p_k, r_k))"
dilithium,pqcrystals_dilithium2_ref_signature_internal,loopOrFuncSkip/pqcrystals_dilithium2_ref_signature_internal_fnSkip_pqcrystals_dilithium2_ref_polyveck_caddq_line42,test_result.txt,correction,yes,"SATISFIED at pos 173 (s=0, alpha=64: y1 = y2 xor alpha for all 4 swept p)"
dilithium,pqcrystals_dilithium2_ref_signature_internal,loopOrFuncSkip/pqcrystals_dilithium2_ref_signature_internal_fnSkip_pqcrystals_dilithium2_ref_polyveck_caddq_line42,test_result.txt,ineffective,yes,"DETECTED at pos 188 (s1=0 ineffective, s2=1 effective; on every seed (p_k, r_k))"
dilithium,pqcrystals_dilithium2_ref_signature_internal,loopOrFuncSkip/pqcrystals_dilithium2_ref_signature_internal_fnSkip_pqcrystals_dilithium2_ref_polyveck_chknorm_line64,test_result.txt,correction,no,"no (s, alpha) with constant Delta across p found in range swept"
dilithium,pqcrystals_dilithium2_ref_signature_internal,loopOrFuncSkip/pqcrystals_dilithium2_ref_signature_internal_fnSkip_pqcrystals_dilithium2_ref_polyveck_chknorm_line64,test_result.txt,ineffective,yes,"DETECTED at pos 0 (s1=6 ineffective, s2=10 effective; on every seed (p_k, r_k))"
dilithium,pqcrystals_dilithium2_ref_signature_internal,loopOrFuncSkip/pqcrystals_dilithium2_ref_signature_internal_fnSkip_pqcrystals_dilithium2_ref_polyveck_chknorm_line70,test_result.txt,correction,no,"no (s, alpha) with constant Delta across p found in range swept"
dilithium,pqcrystals_dilithium2_ref_signature_internal,loopOrFuncSkip/pqcrystals_dilithium2_ref_signature_internal_fnSkip_pqcrystals_dilithium2_ref_polyveck_chknorm_line70,test_result.txt,ineffective,no,no disagreement found in range swept
dilithium,pqcrystals_dilithium2_ref_signature_internal,loopOrFuncSkip/pqcrystals_dilithium2_ref_signature_internal_fnSkip_pqcrystals_dilithium2_ref_polyveck_decompose_line43,test_result.txt,correction,yes,"SATISFIED at pos 695 (s=6, alpha=64: y1 = y2 xor alpha for all 4 swept p)"
dilithium,pqcrystals_dilithium2_ref_signature_internal,loopOrFuncSkip/pqcrystals_dilithium2_ref_signature_internal_fnSkip_pqcrystals_dilithium2_ref_polyveck_decompose_line43,test_result.txt,ineffective,yes,"DETECTED at pos 114 (s1=6 ineffective, s2=3 effective; on every seed (p_k, r_k))"
dilithium,pqcrystals_dilithium2_ref_signature_internal,loopOrFuncSkip/pqcrystals_dilithium2_ref_signature_internal_fnSkip_pqcrystals_dilithium2_ref_polyveck_invntt_tomont_line41,test_result.txt,correction,yes,"SATISFIED at pos 263 (s=11, alpha=192: y1 = y2 xor alpha for all 4 swept p)"
dilithium,pqcrystals_dilithium2_ref_signature_internal,loopOrFuncSkip/pqcrystals_dilithium2_ref_signature_internal_fnSkip_pqcrystals_dilithium2_ref_polyveck_invntt_tomont_line41,test_result.txt,ineffective,yes,"DETECTED at pos 2405 (s1=3 ineffective, s2=0 effective; on every seed (p_k, r_k))"
dilithium,pqcrystals_dilithium2_ref_signature_internal,loopOrFuncSkip/pqcrystals_dilithium2_ref_signature_internal_fnSkip_pqcrystals_dilithium2_ref_polyveck_invntt_tomont_line61,test_result.txt,correction,timeout,subprocess.TimeoutExpired
dilithium,pqcrystals_dilithium2_ref_signature_internal,loopOrFuncSkip/pqcrystals_dilithium2_ref_signature_internal_fnSkip_pqcrystals_dilithium2_ref_polyveck_invntt_tomont_line61,test_result.txt,ineffective,timeout,subprocess.TimeoutExpired
dilithium,pqcrystals_dilithium2_ref_signature_internal,loopOrFuncSkip/pqcrystals_dilithium2_ref_signature_internal_fnSkip_pqcrystals_dilithium2_ref_polyveck_invntt_tomont_line68,test_result.txt,correction,timeout,subprocess.TimeoutExpired
dilithium,pqcrystals_dilithium2_ref_signature_internal,loopOrFuncSkip/pqcrystals_dilithium2_ref_signature_internal_fnSkip_pqcrystals_dilithium2_ref_polyveck_invntt_tomont_line68,test_result.txt,ineffective,timeout,subprocess.TimeoutExpired
dilithium,pqcrystals_dilithium2_ref_signature_internal,loopOrFuncSkip/pqcrystals_dilithium2_ref_signature_internal_fnSkip_pqcrystals_dilithium2_ref_polyveck_make_hint_line74,test_result.txt,correction,no,"no (s, alpha) with constant Delta across p found in range swept"
dilithium,pqcrystals_dilithium2_ref_signature_internal,loopOrFuncSkip/pqcrystals_dilithium2_ref_signature_internal_fnSkip_pqcrystals_dilithium2_ref_polyveck_make_hint_line74,test_result.txt,ineffective,no,no disagreement found in range swept
dilithium,pqcrystals_dilithium2_ref_signature_internal,loopOrFuncSkip/pqcrystals_dilithium2_ref_signature_internal_fnSkip_pqcrystals_dilithium2_ref_polyveck_ntt_line31,test_result.txt,correction,timeout,subprocess.TimeoutExpired
dilithium,pqcrystals_dilithium2_ref_signature_internal,loopOrFuncSkip/pqcrystals_dilithium2_ref_signature_internal_fnSkip_pqcrystals_dilithium2_ref_polyveck_ntt_line31,test_result.txt,ineffective,timeout,subprocess.TimeoutExpired
dilithium,pqcrystals_dilithium2_ref_signature_internal,loopOrFuncSkip/pqcrystals_dilithium2_ref_signature_internal_fnSkip_pqcrystals_dilithium2_ref_polyveck_ntt_line32,test_result.txt,correction,timeout,subprocess.TimeoutExpired
dilithium,pqcrystals_dilithium2_ref_signature_internal,loopOrFuncSkip/pqcrystals_dilithium2_ref_signature_internal_fnSkip_pqcrystals_dilithium2_ref_polyveck_ntt_line32,test_result.txt,ineffective,timeout,subprocess.TimeoutExpired
dilithium,pqcrystals_dilithium2_ref_signature_internal,loopOrFuncSkip/pqcrystals_dilithium2_ref_signature_internal_fnSkip_pqcrystals_dilithium2_ref_polyveck_pack_w1_line44,test_result.txt,correction,yes,"SATISFIED at pos 47 (s=0, alpha=128: y1 = y2 xor alpha for all 4 swept p)"
dilithium,pqcrystals_dilithium2_ref_signature_internal,loopOrFuncSkip/pqcrystals_dilithium2_ref_signature_internal_fnSkip_pqcrystals_dilithium2_ref_polyveck_pack_w1_line44,test_result.txt,ineffective,yes,"DETECTED at pos 2188 (s1=0 ineffective, s2=1 effective; on every seed (p_k, r_k))"
dilithium,pqcrystals_dilithium2_ref_signature_internal,loopOrFuncSkip/pqcrystals_dilithium2_ref_signature_internal_fnSkip_pqcrystals_dilithium2_ref_polyveck_pointwise_poly_montgomery_line60,test_result.txt,correction,timeout,subprocess.TimeoutExpired
dilithium,pqcrystals_dilithium2_ref_signature_internal,loopOrFuncSkip/pqcrystals_dilithium2_ref_signature_internal_fnSkip_pqcrystals_dilithium2_ref_polyveck_pointwise_poly_montgomery_line60,test_result.txt,ineffective,timeout,subprocess.TimeoutExpired
dilithium,pqcrystals_dilithium2_ref_signature_internal,loopOrFuncSkip/pqcrystals_dilithium2_ref_signature_internal_fnSkip_pqcrystals_dilithium2_ref_polyveck_pointwise_poly_montgomery_line67,test_result.txt,correction,timeout,subprocess.TimeoutExpired
dilithium,pqcrystals_dilithium2_ref_signature_internal,loopOrFuncSkip/pqcrystals_dilithium2_ref_signature_internal_fnSkip_pqcrystals_dilithium2_ref_polyveck_pointwise_poly_montgomery_line67,test_result.txt,ineffective,timeout,subprocess.TimeoutExpired
dilithium,pqcrystals_dilithium2_ref_signature_internal,loopOrFuncSkip/pqcrystals_dilithium2_ref_signature_internal_fnSkip_pqcrystals_dilithium2_ref_polyveck_reduce_line40,test_result.txt,correction,no,"no (s, alpha) with constant Delta across p found in range swept"
dilithium,pqcrystals_dilithium2_ref_signature_internal,loopOrFuncSkip/pqcrystals_dilithium2_ref_signature_internal_fnSkip_pqcrystals_dilithium2_ref_polyveck_reduce_line40,test_result.txt,ineffective,no,no disagreement found in range swept
dilithium,pqcrystals_dilithium2_ref_signature_internal,loopOrFuncSkip/pqcrystals_dilithium2_ref_signature_internal_fnSkip_pqcrystals_dilithium2_ref_polyveck_reduce_line63,test_result.txt,correction,no,"no (s, alpha) with constant Delta across p found in range swept"
dilithium,pqcrystals_dilithium2_ref_signature_internal,loopOrFuncSkip/pqcrystals_dilithium2_ref_signature_internal_fnSkip_pqcrystals_dilithium2_ref_polyveck_reduce_line63,test_result.txt,ineffective,no,no disagreement found in range swept
dilithium,pqcrystals_dilithium2_ref_signature_internal,loopOrFuncSkip/pqcrystals_dilithium2_ref_signature_internal_fnSkip_pqcrystals_dilithium2_ref_polyveck_reduce_line69,test_result.txt,correction,no,"no (s, alpha) with constant Delta across p found in range swept"
dilithium,pqcrystals_dilithium2_ref_signature_internal,loopOrFuncSkip/pqcrystals_dilithium2_ref_signature_internal_fnSkip_pqcrystals_dilithium2_ref_polyveck_reduce_line69,test_result.txt,ineffective,no,no disagreement found in range swept
dilithium,pqcrystals_dilithium2_ref_signature_internal,loopOrFuncSkip/pqcrystals_dilithium2_ref_signature_internal_fnSkip_pqcrystals_dilithium2_ref_polyveck_sub_line62,test_result.txt,correction,no,"no (s, alpha) with constant Delta across p found in range swept"
dilithium,pqcrystals_dilithium2_ref_signature_internal,loopOrFuncSkip/pqcrystals_dilithium2_ref_signature_internal_fnSkip_pqcrystals_dilithium2_ref_polyveck_sub_line62,test_result.txt,ineffective,yes,"DETECTED at pos 2336 (s1=0 ineffective, s2=188 effective; on every seed (p_k, r_k))"
dilithium,pqcrystals_dilithium2_ref_signature_internal,loopOrFuncSkip/pqcrystals_dilithium2_ref_signature_internal_fnSkip_pqcrystals_dilithium2_ref_polyvecl_add_line54,test_result.txt,correction,no,"no (s, alpha) with constant Delta across p found in range swept"
dilithium,pqcrystals_dilithium2_ref_signature_internal,loopOrFuncSkip/pqcrystals_dilithium2_ref_signature_internal_fnSkip_pqcrystals_dilithium2_ref_polyvecl_add_line54,test_result.txt,ineffective,yes,"DETECTED at pos 0 (s1=4 ineffective, s2=73 effective; on every seed (p_k, r_k))"
dilithium,pqcrystals_dilithium2_ref_signature_internal,loopOrFuncSkip/pqcrystals_dilithium2_ref_signature_internal_fnSkip_pqcrystals_dilithium2_ref_polyvecl_invntt_tomont_line53,test_result.txt,correction,timeout,subprocess.TimeoutExpired
dilithium,pqcrystals_dilithium2_ref_signature_internal,loopOrFuncSkip/pqcrystals_dilithium2_ref_signature_internal_fnSkip_pqcrystals_dilithium2_ref_polyvecl_invntt_tomont_line53,test_result.txt,ineffective,timeout,subprocess.TimeoutExpired
dilithium,pqcrystals_dilithium2_ref_signature_internal,loopOrFuncSkip/pqcrystals_dilithium2_ref_signature_internal_fnSkip_pqcrystals_dilithium2_ref_polyvecl_ntt_line30,test_result.txt,correction,timeout,subprocess.TimeoutExpired
dilithium,pqcrystals_dilithium2_ref_signature_internal,loopOrFuncSkip/pqcrystals_dilithium2_ref_signature_internal_fnSkip_pqcrystals_dilithium2_ref_polyvecl_ntt_line30,test_result.txt,ineffective,timeout,subprocess.TimeoutExpired
dilithium,pqcrystals_dilithium2_ref_signature_internal,loopOrFuncSkip/pqcrystals_dilithium2_ref_signature_internal_fnSkip_pqcrystals_dilithium2_ref_polyvecl_ntt_line38,test_result.txt,correction,yes,"SATISFIED at pos 280 (s=57, alpha=1: y1 = y2 xor alpha for all 4 swept p)"
dilithium,pqcrystals_dilithium2_ref_signature_internal,loopOrFuncSkip/pqcrystals_dilithium2_ref_signature_internal_fnSkip_pqcrystals_dilithium2_ref_polyvecl_ntt_line38,test_result.txt,ineffective,yes,"DETECTED at pos 180 (s1=0 ineffective, s2=1 effective)"
dilithium,pqcrystals_dilithium2_ref_signature_internal,loopOrFuncSkip/pqcrystals_dilithium2_ref_signature_internal_fnSkip_pqcrystals_dilithium2_ref_polyvecl_pointwise_poly_montgomery_line52,test_result.txt,correction,timeout,subprocess.TimeoutExpired
dilithium,pqcrystals_dilithium2_ref_signature_internal,loopOrFuncSkip/pqcrystals_dilithium2_ref_signature_internal_fnSkip_pqcrystals_dilithium2_ref_polyvecl_pointwise_poly_montgomery_line52,test_result.txt,ineffective,timeout,subprocess.TimeoutExpired
dilithium,pqcrystals_dilithium2_ref_signature_internal,loopOrFuncSkip/pqcrystals_dilithium2_ref_signature_internal_fnSkip_pqcrystals_dilithium2_ref_polyvecl_reduce_line55,test_result.txt,correction,no,"no (s, alpha) with constant Delta across p found in range swept"
dilithium,pqcrystals_dilithium2_ref_signature_internal,loopOrFuncSkip/pqcrystals_dilithium2_ref_signature_internal_fnSkip_pqcrystals_dilithium2_ref_polyvecl_reduce_line55,test_result.txt,ineffective,no,no disagreement found in range swept
dilithium,pqcrystals_dilithium2_ref_signature_internal,loopOrFuncSkip/pqcrystals_dilithium2_ref_signature_internal_fnSkip_pqcrystals_dilithium2_ref_polyvecl_uniform_gamma1_line36,test_result.txt,correction,no,"no (s, alpha) with constant Delta across p found in range swept"
dilithium,pqcrystals_dilithium2_ref_signature_internal,loopOrFuncSkip/pqcrystals_dilithium2_ref_signature_internal_fnSkip_pqcrystals_dilithium2_ref_polyvecl_uniform_gamma1_line36,test_result.txt,ineffective,yes,"DETECTED at pos 60 (s1=1 ineffective, s2=0 effective)"
dilithium,pqcrystals_dilithium2_ref_signature_internal,loopOrFuncSkip/pqcrystals_dilithium2_ref_signature_internal_fnSkip_pqcrystals_dilithium2_ref_unpack_sk_line16,test_result.txt,correction,no,"no (s, alpha) with constant Delta across p found in range swept"
dilithium,pqcrystals_dilithium2_ref_signature_internal,loopOrFuncSkip/pqcrystals_dilithium2_ref_signature_internal_fnSkip_pqcrystals_dilithium2_ref_unpack_sk_line16,test_result.txt,ineffective,yes,"DETECTED at pos 71 (s1=0 ineffective, s2=1 effective)"
dilithium,pqcrystals_dilithium2_ref_signature_internal,loopOrFuncSkip/pqcrystals_dilithium2_ref_signature_internal_fnSkip_pqcrystals_dilithium_fips202_ref_shake256_absorb_line18,test_result.txt,correction,yes,"SATISFIED at pos 2417 (s=20, alpha=62: y1 = y2 xor alpha for all 4 swept p)"
dilithium,pqcrystals_dilithium2_ref_signature_internal,loopOrFuncSkip/pqcrystals_dilithium2_ref_signature_internal_fnSkip_pqcrystals_dilithium_fips202_ref_shake256_absorb_line18,test_result.txt,ineffective,yes,"DETECTED at pos 159 (s1=1 ineffective, s2=0 effective)"
dilithium,pqcrystals_dilithium2_ref_signature_internal,loopOrFuncSkip/pqcrystals_dilithium2_ref_signature_internal_fnSkip_pqcrystals_dilithium_fips202_ref_shake256_absorb_line19,test_result.txt,correction,no,"no (s, alpha) with constant Delta across p found in range swept"
dilithium,pqcrystals_dilithium2_ref_signature_internal,loopOrFuncSkip/pqcrystals_dilithium2_ref_signature_internal_fnSkip_pqcrystals_dilithium_fips202_ref_shake256_absorb_line19,test_result.txt,ineffective,yes,"DETECTED at pos 65 (s1=1 ineffective, s2=0 effective)"
dilithium,pqcrystals_dilithium2_ref_signature_internal,loopOrFuncSkip/pqcrystals_dilithium2_ref_signature_internal_fnSkip_pqcrystals_dilithium_fips202_ref_shake256_absorb_line20,test_result.txt,correction,no,"no (s, alpha) with constant Delta across p found in range swept"
dilithium,pqcrystals_dilithium2_ref_signature_internal,loopOrFuncSkip/pqcrystals_dilithium2_ref_signature_internal_fnSkip_pqcrystals_dilithium_fips202_ref_shake256_absorb_line20,test_result.txt,ineffective,yes,"DETECTED at pos 114 (s1=1 ineffective, s2=0 effective)"
dilithium,pqcrystals_dilithium2_ref_signature_internal,loopOrFuncSkip/pqcrystals_dilithium2_ref_signature_internal_fnSkip_pqcrystals_dilithium_fips202_ref_shake256_absorb_line24,test_result.txt,correction,no,"no (s, alpha) with constant Delta across p found in range swept"
dilithium,pqcrystals_dilithium2_ref_signature_internal,loopOrFuncSkip/pqcrystals_dilithium2_ref_signature_internal_fnSkip_pqcrystals_dilithium_fips202_ref_shake256_absorb_line24,test_result.txt,ineffective,yes,"DETECTED at pos 509 (s1=1 ineffective, s2=0 effective)"
dilithium,pqcrystals_dilithium2_ref_signature_internal,loopOrFuncSkip/pqcrystals_dilithium2_ref_signature_internal_fnSkip_pqcrystals_dilithium_fips202_ref_shake256_absorb_line25,test_result.txt,correction,no,"no (s, alpha) with constant Delta across p found in range swept"
dilithium,pqcrystals_dilithium2_ref_signature_internal,loopOrFuncSkip/pqcrystals_dilithium2_ref_signature_internal_fnSkip_pqcrystals_dilithium_fips202_ref_shake256_absorb_line25,test_result.txt,ineffective,yes,"DETECTED at pos 37 (s1=0 ineffective, s2=1 effective)"
dilithium,pqcrystals_dilithium2_ref_signature_internal,loopOrFuncSkip/pqcrystals_dilithium2_ref_signature_internal_fnSkip_pqcrystals_dilithium_fips202_ref_shake256_absorb_line26,test_result.txt,correction,no,"no (s, alpha) with constant Delta across p found in range swept"
dilithium,pqcrystals_dilithium2_ref_signature_internal,loopOrFuncSkip/pqcrystals_dilithium2_ref_signature_internal_fnSkip_pqcrystals_dilithium_fips202_ref_shake256_absorb_line26,test_result.txt,ineffective,yes,"DETECTED at pos 219 (s1=0 ineffective, s2=1 effective)"
dilithium,pqcrystals_dilithium2_ref_signature_internal,loopOrFuncSkip/pqcrystals_dilithium2_ref_signature_internal_fnSkip_pqcrystals_dilithium_fips202_ref_shake256_absorb_line46,test_result.txt,correction,yes,"SATISFIED at pos 479 (s=0, alpha=192: y1 = y2 xor alpha for all 4 swept p)"
dilithium,pqcrystals_dilithium2_ref_signature_internal,loopOrFuncSkip/pqcrystals_dilithium2_ref_signature_internal_fnSkip_pqcrystals_dilithium_fips202_ref_shake256_absorb_line46,test_result.txt,ineffective,yes,"DETECTED at pos 8 (s1=0 ineffective, s2=1 effective)"
dilithium,pqcrystals_dilithium2_ref_signature_internal,loopOrFuncSkip/pqcrystals_dilithium2_ref_signature_internal_fnSkip_pqcrystals_dilithium_fips202_ref_shake256_absorb_line47,test_result.txt,correction,yes,"SATISFIED at pos 73 (s=2, alpha=1: y1 = y2 xor alpha for all 4 swept p)"
dilithium,pqcrystals_dilithium2_ref_signature_internal,loopOrFuncSkip/pqcrystals_dilithium2_ref_signature_internal_fnSkip_pqcrystals_dilithium_fips202_ref_shake256_absorb_line47,test_result.txt,ineffective,yes,"DETECTED at pos 14 (s1=1 ineffective, s2=0 effective)"
dilithium,pqcrystals_dilithium2_ref_signature_internal,loopOrFuncSkip/pqcrystals_dilithium2_ref_signature_internal_fnSkip_pqcrystals_dilithium_fips202_ref_shake256_finalize_line21,test_result.txt,correction,no,"no (s, alpha) with constant Delta across p found in range swept"
dilithium,pqcrystals_dilithium2_ref_signature_internal,loopOrFuncSkip/pqcrystals_dilithium2_ref_signature_internal_fnSkip_pqcrystals_dilithium_fips202_ref_shake256_finalize_line21,test_result.txt,ineffective,yes,"DETECTED at pos 35 (s1=0 ineffective, s2=1 effective)"
dilithium,pqcrystals_dilithium2_ref_signature_internal,loopOrFuncSkip/pqcrystals_dilithium2_ref_signature_internal_fnSkip_pqcrystals_dilithium_fips202_ref_shake256_finalize_line27,test_result.txt,correction,no,"no (s, alpha) with constant Delta across p found in range swept"
dilithium,pqcrystals_dilithium2_ref_signature_internal,loopOrFuncSkip/pqcrystals_dilithium2_ref_signature_internal_fnSkip_pqcrystals_dilithium_fips202_ref_shake256_finalize_line27,test_result.txt,ineffective,yes,"DETECTED at pos 22 (s1=0 ineffective, s2=1 effective)"
dilithium,pqcrystals_dilithium2_ref_signature_internal,loopOrFuncSkip/pqcrystals_dilithium2_ref_signature_internal_fnSkip_pqcrystals_dilithium_fips202_ref_shake256_finalize_line48,test_result.txt,correction,yes,"SATISFIED at pos 1781 (s=0, alpha=1: y1 = y2 xor alpha for all 4 swept p)"
dilithium,pqcrystals_dilithium2_ref_signature_internal,loopOrFuncSkip/pqcrystals_dilithium2_ref_signature_internal_fnSkip_pqcrystals_dilithium_fips202_ref_shake256_finalize_line48,test_result.txt,ineffective,yes,"DETECTED at pos 35 (s1=0 ineffective, s2=1 effective)"
dilithium,pqcrystals_dilithium2_ref_signature_internal,loopOrFuncSkip/pqcrystals_dilithium2_ref_signature_internal_fnSkip_pqcrystals_dilithium_fips202_ref_shake256_init_line17,test_result.txt,correction,no,"no (s, alpha) with constant Delta across p found in range swept"
dilithium,pqcrystals_dilithium2_ref_signature_internal,loopOrFuncSkip/pqcrystals_dilithium2_ref_signature_internal_fnSkip_pqcrystals_dilithium_fips202_ref_shake256_init_line17,test_result.txt,ineffective,no,no disagreement found in range swept
dilithium,pqcrystals_dilithium2_ref_signature_internal,loopOrFuncSkip/pqcrystals_dilithium2_ref_signature_internal_fnSkip_pqcrystals_dilithium_fips202_ref_shake256_init_line23,test_result.txt,correction,yes,"SATISFIED at pos 2416 (s=210, alpha=31: y1 = y2 xor alpha for all 4 swept p)"
dilithium,pqcrystals_dilithium2_ref_signature_internal,loopOrFuncSkip/pqcrystals_dilithium2_ref_signature_internal_fnSkip_pqcrystals_dilithium_fips202_ref_shake256_init_line23,test_result.txt,ineffective,yes,"DETECTED at pos 246 (s1=0 ineffective, s2=1 effective)"
dilithium,pqcrystals_dilithium2_ref_signature_internal,loopOrFuncSkip/pqcrystals_dilithium2_ref_signature_internal_fnSkip_pqcrystals_dilithium_fips202_ref_shake256_init_line45,test_result.txt,correction,yes,"SATISFIED at pos 1152 (s=1, alpha=96: y1 = y2 xor alpha for all 4 swept p)"
dilithium,pqcrystals_dilithium2_ref_signature_internal,loopOrFuncSkip/pqcrystals_dilithium2_ref_signature_internal_fnSkip_pqcrystals_dilithium_fips202_ref_shake256_init_line45,test_result.txt,ineffective,yes,"DETECTED at pos 10 (s1=0 ineffective, s2=1 effective)"
dilithium,pqcrystals_dilithium2_ref_signature_internal,loopOrFuncSkip/pqcrystals_dilithium2_ref_signature_internal_fnSkip_pqcrystals_dilithium_fips202_ref_shake256_squeeze_line22,test_result.txt,correction,yes,"SATISFIED at pos 15 (s=213, alpha=108: y1 = y2 xor alpha for all 4 swept p)"
dilithium,pqcrystals_dilithium2_ref_signature_internal,loopOrFuncSkip/pqcrystals_dilithium2_ref_signature_internal_fnSkip_pqcrystals_dilithium_fips202_ref_shake256_squeeze_line22,test_result.txt,ineffective,yes,"DETECTED at pos 41 (s1=1 ineffective, s2=0 effective)"
dilithium,pqcrystals_dilithium2_ref_signature_internal,loopOrFuncSkip/pqcrystals_dilithium2_ref_signature_internal_fnSkip_pqcrystals_dilithium_fips202_ref_shake256_squeeze_line28,test_result.txt,correction,no,"no (s, alpha) with constant Delta across p found in range swept"
dilithium,pqcrystals_dilithium2_ref_signature_internal,loopOrFuncSkip/pqcrystals_dilithium2_ref_signature_internal_fnSkip_pqcrystals_dilithium_fips202_ref_shake256_squeeze_line28,test_result.txt,ineffective,yes,"DETECTED at pos 28 (s1=0 ineffective, s2=1 effective)"
dilithium,pqcrystals_dilithium2_ref_signature_internal,loopOrFuncSkip/pqcrystals_dilithium2_ref_signature_internal_fnSkip_pqcrystals_dilithium_fips202_ref_shake256_squeeze_line49,test_result.txt,correction,yes,"SATISFIED at pos 424 (s=15, alpha=1: y1 = y2 xor alpha for all 4 swept p)"
dilithium,pqcrystals_dilithium2_ref_signature_internal,loopOrFuncSkip/pqcrystals_dilithium2_ref_signature_internal_fnSkip_pqcrystals_dilithium_fips202_ref_shake256_squeeze_line49,test_result.txt,ineffective,yes,"DETECTED at pos 33 (s1=1 ineffective, s2=0 effective)"
